noise_3sig_m,latency_s,n_trials,n_success,success_rate,cp_lo,cp_hi,p95_pos_err_mm,p95_lo_mm,p95_hi_mm
0.05,0.1,100,100,1.0,0.9637833073548235,1.0,55.06014608703906,50.38142245328512,60.39299888120921
0.005,0.05,30,30,1.0,0.8842966917779722,1.0,10.08475901285778,nan,nan
0.005,0.1,30,30,1.0,0.8842966917779722,1.0,13.238067876988223,nan,nan
0.005,0.2,30,30,1.0,0.8842966917779722,1.0,17.68112971584232,nan,nan
0.05,0.05,30,30,1.0,0.8842966917779722,1.0,54.548355693969356,nan,nan
0.05,0.2,30,30,1.0,0.8842966917779722,1.0,68.71810624956407,nan,nan
0.2,0.05,30,30,1.0,0.8842966917779722,1.0,156.81444511498844,nan,nan
0.2,0.1,30,30,1.0,0.8842966917779722,1.0,129.17273970726114,nan,nan
0.2,0.2,30,30,1.0,0.8842966917779722,1.0,152.22985656404532,nan,nan
