mission,envelope,pos_err_mm,pos_bound_mm,pos_margin_pct,vel_mms,vel_bound_mms,vel_margin_pct
SOYUZ_MS17,SSVP_DOCKING,30.91,150.0,79.4,29.89,100.0,70.1
APOLLO11_LM_RDV,SSVP_DOCKING,30.08,150.0,79.9,25.55,100.0,74.5
ATV1_JULES_VERNE,SSVP_DOCKING,16.74,150.0,88.8,29.94,100.0,70.1
HTV7_KOUNOTORI,CANADARM2_BERTHING,33.73,300.0,88.8,30.59,50.0,38.8
CYGNUS_NG21,CANADARM2_BERTHING,34.6,300.0,88.5,27.16,50.0,45.7
MEV1_INTELSAT901,CANADARM2_BERTHING (default),49.27,300.0,83.6,33.8,50.0,32.4
ETSVII,CANADARM2_BERTHING (default),37.49,300.0,87.5,30.37,50.0,39.3
CREW_DRAGON_DM2,NDS_DOCKING,45.96,100.0,54.0,29.14,100.0,70.9
CARGO_DRAGON_CRS21,NDS_DOCKING,20.77,100.0,79.2,28.59,100.0,71.4
ASTP,SSVP_DOCKING,20.69,150.0,86.2,32.88,100.0,67.1
STS71_MIR,SSVP_DOCKING,30.57,150.0,79.6,27.8,100.0,72.2
SHENZHOU9,SSVP_DOCKING,26.45,150.0,82.4,28.74,100.0,71.3
TIANZHOU1,SSVP_DOCKING,20.96,150.0,86.0,27.29,100.0,72.7
ELSAD,CANADARM2_BERTHING (default),27.07,300.0,91.0,30.46,50.0,39.1
