noise_3sig_m,latency_s,n_trials,n_success,success_rate,cp_lo,cp_hi,n_qp_infeasible,p95_pos_err_mm,p95_lo_mm,p95_hi_mm,mean_pos_err_mm
0.05,0.1,400,400,1.0,0.9908201954163347,1.0,0,58.13437693968097,54.624611178659876,61.970426965673255,32.653411701474354
0.05,0.5,400,400,1.0,0.9908201954163347,1.0,0,69.35022174903959,65.3896206946635,72.92108063048151,40.4089409315458
0.05,1.0,400,400,1.0,0.9908201954163347,1.0,0,72.37623330265578,69.52230103080815,75.22770122953126,45.787047058081306
0.05,2.0,400,400,1.0,0.9908201954163347,1.0,0,59.52857449323024,53.91083171577848,67.26397529699868,33.07951170161991
0.2,0.1,400,400,1.0,0.9908201954163347,1.0,0,146.2019992206388,141.37179834102494,153.1369907284986,84.52387125929829
0.2,0.5,400,400,1.0,0.9908201954163347,1.0,0,196.47917661044318,182.1163713236226,202.86535543095698,119.12440676313814
0.2,1.0,400,400,1.0,0.9908201954163347,1.0,0,256.6494186605265,245.1636832556581,265.2681036360583,172.4454395614968
0.2,2.0,400,400,1.0,0.9908201954163347,1.0,0,363.32727905348963,348.87271626114557,372.344576532733,271.8427652149437
0.4,0.1,400,400,1.0,0.9908201954163347,1.0,0,233.37191679717472,224.74777161501078,246.61939616690188,138.81585039195
0.4,0.5,400,400,1.0,0.9908201954163347,1.0,0,321.9966492868812,297.6394456262277,339.6369817875005,190.72146226662676
0.4,1.0,400,388,0.97,0.9481827845694164,0.9844044470001057,0,451.5609439709195,441.2841384296735,469.2300655577167,313.63364251856615
0.4,2.0,400,72,0.18,0.1435875835189853,0.2212256980959571,0,716.2561066491497,701.6284129133865,727.2388637844856,570.1267376968709
0.6,0.1,400,396,0.99,0.9745951990926638,0.9972688040287571,0,319.10568973372915,302.906690726985,331.74273805238687,187.378022602047
0.6,0.5,400,388,0.97,0.9481827845694164,0.9844044470001057,0,416.43250413958725,402.5745653308596,436.0012935033607,259.97626444319377
0.6,1.0,400,269,0.6725,0.6241094007674517,0.7183150087106062,0,597.4403752216299,585.7895076478751,626.0688265393609,424.96526837757875
0.6,2.0,400,1,0.0025,6.32925169048572e-05,0.013849769962013272,0,979.7879236339813,954.1974192838697,991.567510969981,785.8705602934725
0.8,0.1,400,379,0.9475,0.9208653695130558,0.9672115754228463,0,395.59457561865173,370.0625849781503,441.719979939868,230.4399685020444
0.8,0.5,400,342,0.855,0.8166218128281768,0.8880188791746835,0,514.6554295141068,472.4310216688381,540.1512103148953,314.23750512717345
0.8,1.0,400,190,0.475,0.4251550511622552,0.52521746706301,0,714.968780477514,693.9955030868479,770.8182654339383,492.6580054693353
0.8,2.0,400,0,0.0,0.0,0.00917980458366526,0,1168.1517498515116,1144.7205046486272,1212.4568176024852,959.7074618210323
1.0,0.1,400,341,0.8525,0.8138981567866328,0.8857819155110285,0,456.38349107532315,437.3038436622752,486.2059656502012,276.525306582657
1.0,0.5,400,289,0.7225,0.675830118479378,0.7658423831845159,0,583.1198500597512,554.527621958669,631.792635086256,350.4487485982422
1.0,1.0,400,120,0.3,0.2554667280953098,0.3475218790736496,0,821.1941409921279,794.1497095174914,905.6107510123489,564.6361556081198
1.0,2.0,400,0,0.0,0.0,0.00917980458366526,0,1316.585778403444,1274.768891435173,1359.4220839179065,1052.9342343819617
1.5,0.1,400,258,0.645,0.5959184462373538,0.6919179646932168,0,640.6491313783397,593.797738347078,682.3204804472803,361.60340006560307
1.5,0.5,400,184,0.46,0.4103619879788817,0.510234078224028,0,751.7450075843109,713.0169286463881,790.3472374198685,454.12357217305936
1.5,1.0,400,61,0.1525,0.11870223230902688,0.19153913512115653,0,978.7036397817125,942.7189819188392,1016.1005911861934,658.3711176396762
1.5,2.0,400,0,0.0,0.0,0.00917980458366526,0,1574.6424035421692,1525.8859295714183,1602.1579330038282,1206.097137207332
