noise_3sig_m,latency_s,n_trials,success_rate,pos_err_p95_m,pos_err_mean_m,vel_norm_p95_ms,total_dv_mean_ms
0.005,0.05,30,0.0,1.010907834451666,1.006401568357179,0.100024579742453,0.38451569628630333
0.005,0.1,30,0.0,1.017587795799335,1.0126002979186697,0.1000169702584841,0.3842757430076509
0.005,0.2,30,0.0,1.0355641732308005,1.0283910011616237,0.10022053742802703,0.3839304504826817
0.05,0.05,30,0.0,1.055847430153426,1.013212621989483,0.10287554768285699,0.38541911592265343
0.05,0.1,30,0.0,1.0801737115518437,1.023938938068736,0.10362781655968512,0.38535948124070885
0.05,0.2,30,0.0,1.0975081503334458,1.031510147145886,0.10354704060937606,0.38428435665748567
0.2,0.05,30,0.0,1.2954280319112867,1.049831515002929,0.11225971677168144,0.39642582914113755
0.2,0.1,30,0.0,1.20362767796022,1.009843824489221,0.11475373758163368,0.39393317601638767
0.2,0.2,30,0.0,1.2478580500727505,1.0336166668252653,0.11610671327130706,0.3953486404692831
