noise_3sig_m,latency_s,n_trials,success_rate,pos_err_p95_m,pos_err_mean_m,total_dv_mean_ms
0.005,0.05,50,1.0,0.0003836009436083771,0.0003832387166739111,0.4344187045588099
0.005,0.1,50,1.0,0.00038371198283139424,0.00038331202676534864,0.43450720402686094
0.005,0.2,50,1.0,0.0003835773394080652,0.0003832423139763713,0.4344216326360166
0.05,0.05,50,1.0,0.000385921918860489,0.000383336552648513,0.4346248271257435
0.05,0.1,50,1.0,0.00038652099174768995,0.000383217076812936,0.434363126432997
0.05,0.2,50,1.0,0.00038711469525041955,0.00038355408029959974,0.434784619408072
0.2,0.05,50,1.0,0.0003963882546488294,0.00038355976134607744,0.43488963178942597
0.2,0.1,50,1.0,0.000400982127709387,0.00038435878045089614,0.4356867252414914
0.2,0.2,50,1.0,0.0003979984986606923,0.0003827901870382268,0.43418653072231483
