N_steps,dt_s,dv_max_ms,lambda_p,success_rate,mean_pos_err_m,mean_dv_ms
15,10.0,0.05,1.0,0.0,nan,nan
15,10.0,0.05,10.0,0.0,nan,nan
15,10.0,0.05,100.0,0.0,nan,nan
15,10.0,0.1,1.0,0.0,0.5544455349082648,nan
15,10.0,0.1,10.0,0.0,0.5433607206879878,nan
15,10.0,0.1,100.0,0.0,0.5460519721301397,nan
15,10.0,0.3,1.0,0.0,0.5200661737437594,nan
15,10.0,0.3,10.0,0.0,0.5181873886205989,nan
15,10.0,0.3,100.0,0.0,0.5226629614987617,nan
15,20.0,0.05,1.0,0.0,1.0283797359256126,nan
15,20.0,0.05,10.0,0.0,1.0095902414223672,nan
15,20.0,0.05,100.0,0.0,1.0222998218816106,nan
15,20.0,0.1,1.0,0.0,1.0044384094622862,nan
15,20.0,0.1,10.0,0.0,1.0104658691617232,nan
15,20.0,0.1,100.0,0.0,1.0169570300767445,nan
15,20.0,0.3,1.0,0.0,1.0207297692788537,nan
15,20.0,0.3,10.0,0.0,1.0139484243011558,nan
15,20.0,0.3,100.0,0.0,0.9997597855629982,nan
15,5.0,0.05,1.0,0.0,nan,nan
15,5.0,0.05,10.0,0.0,nan,nan
15,5.0,0.05,100.0,0.0,nan,nan
15,5.0,0.1,1.0,0.0,nan,nan
15,5.0,0.1,10.0,0.0,nan,nan
15,5.0,0.1,100.0,0.0,nan,nan
15,5.0,0.3,1.0,0.0,0.3107931767705888,nan
15,5.0,0.3,10.0,0.0,0.2980623036161795,nan
15,5.0,0.3,100.0,0.0,0.2967902281116163,nan
30,10.0,0.05,1.0,0.0,0.5105849211761332,nan
30,10.0,0.05,10.0,0.0,0.5007575072016455,nan
30,10.0,0.05,100.0,0.0,0.521533988121812,nan
30,10.0,0.1,1.0,0.0,0.5206256666800059,nan
30,10.0,0.1,10.0,0.0,0.511966222495763,nan
30,10.0,0.1,100.0,0.0,0.5101317613644095,nan
30,10.0,0.3,1.0,0.0,0.5110014933028101,nan
30,10.0,0.3,10.0,0.0,0.5003749753257847,nan
30,10.0,0.3,100.0,0.0,0.5159496687107932,nan
30,20.0,0.05,1.0,0.0,1.0022233466174042,nan
30,20.0,0.05,10.0,0.0,0.998464219870832,nan
30,20.0,0.05,100.0,0.0,0.9954692252926993,nan
30,20.0,0.1,1.0,0.0,0.9999671422036972,nan
30,20.0,0.1,10.0,0.0,1.0118743608690486,nan
30,20.0,0.1,100.0,0.0,1.0111799895411013,nan
30,20.0,0.3,1.0,0.0,1.0020218510217525,nan
30,20.0,0.3,10.0,0.0,1.0016995466478036,nan
30,20.0,0.3,100.0,0.0,0.9991588469577082,nan
30,5.0,0.05,1.0,0.0,nan,nan
30,5.0,0.05,10.0,0.0,0.27416570352797287,nan
30,5.0,0.05,100.0,0.0,nan,nan
30,5.0,0.1,1.0,0.0,0.26099121482102067,nan
30,5.0,0.1,10.0,0.0,0.26619650072113665,nan
30,5.0,0.1,100.0,0.0,0.2660288006298454,nan
30,5.0,0.3,1.0,0.0,0.2719938637537166,nan
30,5.0,0.3,10.0,0.0,0.2685535797814101,nan
30,5.0,0.3,100.0,0.0,0.2634664187450599,nan
60,10.0,0.05,1.0,0.0,0.5063253369349809,nan
60,10.0,0.05,10.0,0.0,0.49362238277547066,nan
60,10.0,0.05,100.0,0.0,0.5065404703898634,nan
60,10.0,0.1,1.0,0.0,0.5026674981210032,nan
60,10.0,0.1,10.0,0.0,0.5073626889160463,nan
60,10.0,0.1,100.0,0.0,0.5077409724874686,nan
60,10.0,0.3,1.0,0.0,0.5032001560659997,nan
60,10.0,0.3,10.0,0.0,0.4997593852497867,nan
60,10.0,0.3,100.0,0.0,0.503048642259305,nan
60,20.0,0.05,1.0,0.0,0.9854284119604282,nan
60,20.0,0.05,10.0,0.0,0.9906538574932673,nan
60,20.0,0.05,100.0,0.0,0.9669049376271988,nan
60,20.0,0.1,1.0,0.0,0.989633672877274,nan
60,20.0,0.1,10.0,0.0,1.0020546172744318,nan
60,20.0,0.1,100.0,0.0,0.989196039402026,nan
60,20.0,0.3,1.0,0.0,0.9894168018566857,nan
60,20.0,0.3,10.0,0.0,0.9988633921923787,nan
60,20.0,0.3,100.0,0.0,1.0174648443510033,nan
60,5.0,0.05,1.0,0.0,0.25839642606736773,nan
60,5.0,0.05,10.0,0.0,0.255409876398076,nan
60,5.0,0.05,100.0,0.0,0.26242854500708457,nan
60,5.0,0.1,1.0,0.0,0.2547357746612638,nan
60,5.0,0.1,10.0,0.0,0.25194613235149743,nan
60,5.0,0.1,100.0,0.0,0.25840068039524966,nan
60,5.0,0.3,1.0,0.0,0.2553148385598966,nan
60,5.0,0.3,10.0,0.0,0.25966621595119654,nan
60,5.0,0.3,100.0,0.0,0.25739881884532767,nan
