mission_id,envelope_used,phasing_dv_replayed_ms,terminal_dv_simulated_ms,total_dv_simulated_ms,published_total_dv_ms,relative_error_pct,terminal_pos_err_mm,terminal_vel_norm_mm_s,inside_envelope
SOYUZ_MS17,SSVP_DOCKING,110.7,0.4809,111.181,110.7,0.43,30.91,29.89,True
APOLLO11_LM_RDV,SSVP_DOCKING,1770.2,0.4863,1770.686,1770.0,0.04,30.08,25.55,True
ATV1_JULES_VERNE,SSVP_DOCKING,0.0,0.4818,0.482,0.0,n/a,16.74,29.94,True
HTV7_KOUNOTORI,CANADARM2_BERTHING,0.0,0.4934,0.493,0.0,n/a,33.73,30.59,True
CYGNUS_NG21,CANADARM2_BERTHING,0.0,0.4961,0.496,0.0,n/a,34.6,27.16,True
MEV1_INTELSAT901,CANADARM2_BERTHING (default),0.0,0.4898,0.49,0.0,n/a,49.27,33.8,True
ETSVII,CANADARM2_BERTHING (default),0.0,0.493,0.493,0.0,n/a,37.49,30.37,True
CREW_DRAGON_DM2,NDS_DOCKING,0.0,0.4831,0.483,0.0,n/a,45.96,29.14,True
CARGO_DRAGON_CRS21,NDS_DOCKING,0.0,0.4832,0.483,0.0,n/a,20.77,28.59,True
ASTP,SSVP_DOCKING,28.0,0.4785,28.478,28.0,1.71,20.69,32.88,True
STS71_MIR,SSVP_DOCKING,0.0,0.4845,0.485,0.0,n/a,30.57,27.8,True
SHENZHOU9,SSVP_DOCKING,0.0,0.4831,0.483,0.0,n/a,26.45,28.74,True
TIANZHOU1,SSVP_DOCKING,0.0,0.4853,0.485,0.0,n/a,20.96,27.29,True
ELSAD,CANADARM2_BERTHING (default),0.0,0.494,0.494,0.0,n/a,27.07,30.46,True
