noise_3sig_m,latency_s,n_trials,n_success,success_rate,cp_lo,cp_hi,p95_pos_err_mm,p95_lo_mm,p95_hi_mm,mean_pos_err_mm
0.005,0.05,500,500,1.0,0.9926493899480923,1.0,10.340843989718337,9.815965535440906,10.91029032768654,6.2944449786912955
0.005,0.1,500,500,1.0,0.9926493899480923,1.0,13.519846489557136,13.084354534028137,13.892272469157355,8.137685305844256
0.005,0.2,500,500,1.0,0.9926493899480923,1.0,18.0449772057704,17.48954285406079,18.958412560344037,12.716767642446687
0.05,0.05,500,500,1.0,0.9926493899480923,1.0,60.43394472367402,55.96914977661097,63.909954962920004,33.549726021685046
0.05,0.1,500,500,1.0,0.9926493899480923,1.0,58.322611317037044,55.368152786734186,61.123776728546595,33.90632848692978
0.05,0.2,500,500,1.0,0.9926493899480923,1.0,60.60453831283025,58.84835897114372,62.16034399997691,35.42264930649456
0.2,0.05,500,500,1.0,0.9926493899480923,1.0,153.09613399849698,144.69189796874463,161.900227432366,86.1252927549889
0.2,0.1,500,500,1.0,0.9926493899480923,1.0,145.9494606228054,138.6764100079262,155.36896774635724,83.61480987441637
0.2,0.2,500,500,1.0,0.9926493899480923,1.0,153.06653645092973,142.8057758063808,160.37349005646456,88.08407886436692
