trial,n_steps,n_compliant_raw,compliant_all_raw,compliant_from_step2_raw,n_compliant_centered,compliant_all_centered,worst_violation_m,worst_violation_step,final_pos_err_mm
0,31,13,False,False,31,True,5.029696265146473,29,41.51320116532894
1,31,13,False,False,31,True,5.004989132660652,29,31.09071296768021
2,31,13,False,False,31,True,5.017210915180707,29,22.51387470662491
3,31,13,False,False,31,True,5.029330590006617,29,3.259499062129821
4,31,13,False,False,31,True,5.007185782243006,29,17.51911560749452
5,31,13,False,False,31,True,5.010826848496195,30,15.183528740219709
6,31,13,False,False,31,True,5.03271843734791,30,44.72920595753227
7,31,13,False,False,31,True,5.017407454527653,29,38.94266605739663
8,31,13,False,False,31,True,5.022175692026425,29,15.071406145137848
9,31,13,False,False,31,True,5.030068265583189,29,29.73256948629251
10,31,13,False,False,31,True,5.0085761607025265,29,55.318369924138004
11,31,13,False,False,31,True,5.007679970908355,30,11.270785578347963
12,31,13,False,False,31,True,5.01878311007137,29,23.314549748481664
13,31,13,False,False,31,True,5.0104441658803225,30,57.18313599022952
14,31,13,False,False,31,True,5.018734940150376,29,35.69011895453682
15,31,13,False,False,31,True,5.003662113071783,29,31.025623135748774
16,31,13,False,False,31,True,5.007561162274694,29,31.694596028093645
17,31,13,False,False,31,True,5.005196610215084,29,37.40671919570281
18,31,13,False,False,31,True,4.977733533519301,29,33.59101421680195
19,31,13,False,False,31,True,4.993189053506631,29,23.86299608636041
20,31,13,False,False,31,True,5.014728088385551,30,21.351673401020893
21,31,13,False,False,31,True,5.012246678792549,29,24.15642872510995
22,31,13,False,False,31,True,5.014246671677292,29,18.72225879402363
23,31,13,False,False,31,True,5.002228598653372,29,29.34492262606974
24,31,13,False,False,31,True,5.016218797453449,29,43.13771801177123
25,31,13,False,False,31,True,5.054840131535259,29,24.30049590923065
26,31,13,False,False,31,True,5.000892558265199,29,41.779429934627615
27,31,13,False,False,31,True,5.033451276626092,29,13.896090273758816
28,31,13,False,False,31,True,4.971219521752318,29,55.955156803758754
29,31,13,False,False,31,True,5.0301205586545565,30,69.06371527322722
30,31,13,False,False,31,True,5.0206370177566315,30,31.57993203405514
31,31,13,False,False,31,True,5.017271603895318,29,23.011463113118083
32,31,13,False,False,31,True,5.005368324985915,29,9.382076580741055
33,31,13,False,False,31,True,4.992426463628579,30,53.23145590814291
34,31,13,False,False,31,True,5.010392519522903,30,12.789279604629561
35,31,13,False,False,31,True,5.005020200303706,30,23.889162656040593
36,31,13,False,False,31,True,4.990197826659961,30,31.05024263487997
37,31,13,False,False,31,True,5.025819721106012,30,34.17794330885744
38,31,13,False,False,31,True,5.003610627178648,30,13.599564121993607
39,31,13,False,False,31,True,5.028767080286424,30,40.99396270538361
40,31,13,False,False,31,True,5.027523179356948,30,43.46119063778294
41,31,13,False,False,31,True,5.005830522911866,30,22.7417131843403
42,31,13,False,False,31,True,4.990890235426872,30,25.79803287301728
43,31,13,False,False,31,True,4.985563026277279,29,40.49231906470475
44,31,13,False,False,31,True,4.989369561286244,29,21.252336128312287
45,31,13,False,False,31,True,5.017223335420472,29,33.870358440812915
46,31,13,False,False,31,True,5.017992199119062,29,45.89433362650665
47,31,13,False,False,31,True,5.049326987666374,29,40.52676211785693
48,31,13,False,False,31,True,4.979647439049665,29,26.634920418172584
49,31,13,False,False,31,True,5.00178450807534,29,17.590664591015074
50,31,13,False,False,31,True,5.032738441591674,29,20.362586349837702
51,31,13,False,False,31,True,5.055153214147426,29,45.82720558313935
52,31,13,False,False,31,True,5.003363110073434,29,31.618784551817534
53,31,13,False,False,31,True,5.0290886330203985,29,25.25419232181824
54,31,13,False,False,31,True,5.002091003227998,30,11.243489857487196
55,31,13,False,False,31,True,4.999202878366868,29,69.77357137995662
56,31,13,False,False,31,True,5.029369994335172,29,35.129023613823776
57,31,13,False,False,31,True,5.0056836035150765,29,46.566978012980684
58,31,13,False,False,31,True,4.983681848631752,29,53.4551515161492
59,31,13,False,False,31,True,5.021191672775352,29,28.932487830050835
60,31,13,False,False,31,True,4.994627070429293,29,23.526404933259585
61,31,13,False,False,31,True,5.046336454464713,30,56.116618756679316
62,31,13,False,False,31,True,5.032027058517942,30,45.52018106403565
63,31,13,False,False,31,True,5.027067848121806,29,18.449634826589694
64,31,13,False,False,31,True,5.018400080400214,29,35.60455285217257
65,31,13,False,False,31,True,5.007512058857936,29,13.79168618040359
66,31,13,False,False,31,True,5.014788440686205,29,9.267295063122658
67,31,13,False,False,31,True,5.007255229034736,30,22.984233503867667
68,31,13,False,False,31,True,5.0149139656905675,29,32.61655513304412
69,31,13,False,False,31,True,5.013836544129195,30,27.226627172761543
70,31,13,False,False,31,True,5.008316173416835,29,9.268408836129888
71,31,13,False,False,31,True,5.019556056323432,29,9.778846427462039
72,31,13,False,False,31,True,5.015186194057942,30,33.08636177993217
73,31,13,False,False,31,True,5.0119658513508885,29,14.104936480630881
74,31,13,False,False,31,True,5.015638080499467,29,20.153027745260985
75,31,13,False,False,31,True,5.016037045186076,29,26.013872474338203
76,31,13,False,False,31,True,5.043014287351475,30,45.06196348364256
77,31,13,False,False,31,True,5.017170177975974,29,36.59932236905095
78,31,13,False,False,31,True,5.0006516336932565,30,50.53509107649864
79,31,13,False,False,31,True,5.015286093363038,29,60.27224907723961
80,31,13,False,False,31,True,5.021550876649958,30,45.05202682367916
81,31,13,False,False,31,True,5.004669286260933,29,22.199293813423676
82,31,13,False,False,31,True,5.041839031479169,29,30.723054515429528
83,31,13,False,False,31,True,5.029309579239401,29,16.178749949316778
84,31,13,False,False,31,True,5.007330990801987,30,15.086825298318693
85,31,13,False,False,31,True,4.998044552594585,30,14.205700395455112
86,31,13,False,False,31,True,5.01226264641244,30,40.800110198605736
87,31,13,False,False,31,True,5.01048565228771,29,22.912358320944744
88,31,13,False,False,31,True,5.0425185910407615,30,47.91690763161799
89,31,13,False,False,31,True,5.021086862071379,29,34.24365265047382
90,31,13,False,False,31,True,5.046253710151876,30,54.93516623172933
91,31,13,False,False,31,True,5.003894774396476,29,12.369110948077447
92,31,13,False,False,31,True,5.024436211817216,29,47.68950670859609
93,31,13,False,False,31,True,4.978981059553892,30,21.134753999025836
94,31,13,False,False,31,True,5.031389586853326,30,31.514140637473112
95,31,13,False,False,31,True,5.003279450610438,30,23.13103803590488
96,31,13,False,False,31,True,5.036467265785633,29,27.134838690306207
97,31,13,False,False,31,True,5.00290352366947,29,21.385653241439265
98,31,13,False,False,31,True,5.0086663434942915,29,27.000132874687893
99,31,13,False,False,31,True,5.022767365853179,30,24.12058521269323
100,31,13,False,False,31,True,5.035376440294452,30,56.76380671961887
101,31,13,False,False,31,True,5.028962267362256,29,31.15110558543569
102,31,13,False,False,31,True,5.014297418820563,29,39.56883642111336
103,31,13,False,False,31,True,5.023363423802883,30,30.166549697704134
104,31,13,False,False,31,True,5.005406393554435,29,14.51782844911254
105,31,13,False,False,31,True,4.980606918972952,29,34.56837050013533
106,31,13,False,False,31,True,4.991088570901542,30,31.5231638653208
107,31,13,False,False,31,True,4.992521279512181,30,14.463603291051118
108,31,13,False,False,31,True,5.017884508144694,29,17.29831829406238
109,31,13,False,False,31,True,5.019765578320891,30,34.86889539017778
110,31,13,False,False,31,True,4.99929995310954,29,10.692700356646071
111,31,13,False,False,31,True,5.038389021362423,29,44.45836508742408
112,31,13,False,False,31,True,5.013186079479929,29,29.24806430356549
113,31,13,False,False,31,True,5.016314865990876,29,30.61774534163509
114,31,13,False,False,31,True,4.9718778406312705,29,35.058966942358204
115,31,13,False,False,31,True,4.99729616831684,29,54.02050593708988
116,31,13,False,False,31,True,5.002925266560343,29,50.28364970406945
117,31,13,False,False,31,True,5.0047026811394755,29,26.160839535715084
118,31,13,False,False,31,True,5.036200621323494,30,45.75627559177942
119,31,13,False,False,31,True,5.037165867999516,29,39.2709225051802
120,31,13,False,False,31,True,5.022930540026629,30,26.99384156167905
121,31,13,False,False,31,True,5.004139399666543,29,8.379904587130321
122,31,13,False,False,31,True,5.022212903316055,29,29.35333796123317
123,31,13,False,False,31,True,4.99498141728612,29,36.85126609730045
124,31,13,False,False,31,True,5.009596103803846,29,42.269221202955514
125,31,13,False,False,31,True,4.988190166533418,29,48.01697674719229
126,31,13,False,False,31,True,5.006849952066245,30,40.351149173753015
127,31,13,False,False,31,True,4.99942203114939,29,67.2992007325507
128,31,13,False,False,31,True,5.014260648278199,30,27.115037531377233
129,31,13,False,False,31,True,5.012894527594425,29,31.20827603923221
130,31,13,False,False,31,True,4.970356670906273,29,49.43745161694754
131,31,13,False,False,31,True,5.016703833905599,30,36.08194715370122
132,31,13,False,False,31,True,4.992276848569319,29,35.41010299619108
133,31,13,False,False,31,True,5.016501183986393,29,21.584248280190497
134,31,13,False,False,31,True,5.0163225494259205,30,18.575181229535747
135,31,13,False,False,31,True,5.051005592976188,29,35.647462458202284
136,31,13,False,False,31,True,5.0134202995699955,29,31.990951456847537
137,31,13,False,False,31,True,5.029279646586924,30,57.17818884566735
138,31,13,False,False,31,True,4.998236177481514,30,35.10408177955996
139,31,13,False,False,31,True,5.020393643189758,29,17.10286656509225
140,31,13,False,False,31,True,5.037416503429495,30,57.0763845466525
141,31,13,False,False,31,True,5.0178090050101805,30,51.26482348228738
142,31,13,False,False,31,True,5.017284871340329,29,42.46438013129429
143,31,13,False,False,31,True,5.024960784944798,30,38.04825150987323
144,31,13,False,False,31,True,5.048860147507537,29,28.87662024134302
145,31,13,False,False,31,True,5.003320757334061,29,34.93519730215233
146,31,13,False,False,31,True,5.0300213905165485,30,43.77769479352943
147,31,13,False,False,31,True,5.0109487534427775,30,27.355760219944624
148,31,13,False,False,31,True,5.001314288958164,30,18.97263483176767
149,31,13,False,False,31,True,4.98764149146038,29,18.229142788570396
150,31,13,False,False,31,True,5.037777178956065,29,27.556154539471112
151,31,13,False,False,31,True,5.026130777720806,30,28.631683643663386
152,31,13,False,False,31,True,5.040822207615338,30,53.3526710089586
153,31,13,False,False,31,True,5.0047837797692,30,12.536733959358951
154,31,13,False,False,31,True,5.014653087788422,29,16.806497147314108
155,31,13,False,False,31,True,4.990627976435682,30,15.41507617385944
156,31,13,False,False,31,True,5.04234095927512,29,24.796354530601942
157,31,13,False,False,31,True,5.00638716626788,29,24.511125964533196
158,31,13,False,False,31,True,5.022133119913366,29,21.404055583659485
159,31,13,False,False,31,True,5.014271963297836,30,40.9600179582746
160,31,13,False,False,31,True,5.00864642168416,29,32.229853455345456
161,31,13,False,False,31,True,5.040151988687902,30,47.97352259085794
162,31,13,False,False,31,True,4.998436920482638,30,35.29813673143795
163,31,13,False,False,31,True,5.015132950553635,29,34.94019106996107
164,31,13,False,False,31,True,5.049552511371779,30,55.01792224120367
165,31,13,False,False,31,True,5.034385426788996,30,43.74618951910724
166,31,13,False,False,31,True,5.007704126005035,30,9.643987273221823
167,31,13,False,False,31,True,5.030245771053322,30,41.558136474336436
168,31,13,False,False,31,True,5.013011961704708,30,28.30028657331358
169,31,13,False,False,31,True,5.009762421219454,29,17.34204194772726
170,31,13,False,False,31,True,5.021569494498952,29,44.02815361565007
171,31,13,False,False,31,True,5.012348065351718,30,15.714185413822888
172,31,13,False,False,31,True,5.003520454595658,30,21.909679635349402
173,31,13,False,False,31,True,5.015285369402606,30,24.9348718070104
174,31,13,False,False,31,True,4.976664310402658,29,36.48262818606525
175,31,13,False,False,31,True,4.994036628560684,29,38.51686965847115
176,31,13,False,False,31,True,5.025401005718918,29,64.25075166677809
177,31,13,False,False,31,True,4.994877792018182,29,27.49859575582193
178,31,13,False,False,31,True,5.025920036710961,29,19.562380673680288
179,31,13,False,False,31,True,5.018759862911839,30,26.797716326063803
180,31,13,False,False,31,True,5.017464110540102,29,24.976077395679727
181,31,13,False,False,31,True,5.007110015450273,30,27.736839656650805
182,31,13,False,False,31,True,5.018913468537001,29,43.08851008745786
183,31,13,False,False,31,True,5.0398516961211755,29,48.682685748899196
184,31,13,False,False,31,True,4.991512965572258,29,28.7309021656153
185,31,13,False,False,31,True,5.010993697824995,30,37.72374519893038
186,31,13,False,False,31,True,4.996599176298626,30,22.675729755877345
187,31,13,False,False,31,True,4.99126204694812,29,59.56089416503348
188,31,13,False,False,31,True,5.027875055531793,29,48.66361885472739
189,31,13,False,False,31,True,5.009930943655599,29,57.60914224319864
190,31,13,False,False,31,True,5.001837355524352,29,4.500875415620167
191,31,13,False,False,31,True,5.013671395705397,30,50.23727042355749
192,31,13,False,False,31,True,5.021512068785936,30,56.72956403018011
193,31,13,False,False,31,True,4.996916748697627,30,36.85456107699626
194,31,13,False,False,31,True,5.00078932971459,30,38.010034328514045
195,31,13,False,False,31,True,5.024106064459197,29,18.62820783760943
196,31,13,False,False,31,True,4.996098323297534,30,22.670438028593097
197,31,13,False,False,31,True,5.02254964822372,30,26.15768919480748
198,31,13,False,False,31,True,5.029749517814267,29,36.33910894995516
199,31,13,False,False,31,True,5.022707920617221,30,45.18736608900788
